,f_vec_primers_anneal,r_vec_primers_anneal,f_vec_primers_full,r_vec_primer_full,aa_start,aa_end,tile_num
0,GAATGGCGCCGTGTGAGTAAGG,GGCGGCTGCGTCTAGAGAATA,GACTTTGAAGACaaGAATGGCGCCGTGTGAGTAAGG,AAAGTCGGTCTCGGCGGCTGCGTCTAGAGAATA,1,65,0
1,AACTGGTTCGCGGTCACAAAGAC,CAGAAAGTCGCGCTGCAGCTTC,CCGACTGAAGACaaAACTGGTTCGCGGTCACAAAGAC,AGTCGGGGTCTCCAGAAAGTCGCGCTGCAGCTTC,65,129,1
2,ACGCACGTGTCGCAGACGC,CAAAGTCGGCTCGATCCCGC,GCGCAGGAAGACaaACGCACGTGTCGCAGACGC,CTGCGCGGTCTCCAAAGTCGGCTCGATCCCGC,129,193,2
3,GAGCTGGTCGGGTGGCTC,TTTGGGGAGCAAGTAATTGGGG,GCCAGGGAAGACaaGAGCTGGTCGGGTGGCTC,CCTGGCGGTCTCTTTGGGGAGCAAGTAATTGGGG,193,225,3
4,GTGGAGGACATTTCCAGCAATCGG,GTACCTGGCTGAAGTTTTTGATCTGATCA,GGCCAGGAAGACaaGTGGAGGACATTTCCAGCAATCGG,CTGGCCGGTCTCGTACCTGGCTGAAGTTTTTGATCTGATCA,225,289,4
5,TACGGGTGCGTAAACTGGACC,CTGCTGGCCCACCAGGTA,ACTGTGGAAGACaaTACGGGTGCGTAAACTGGACC,CACAGTGGTCTCCTGCTGGCCCACCAGGTA,289,353,5
6,GTCACCTCCAACACCAACATGTGC,GGGCACAGTGTGGGCTATGG,ACTCCCGAAGACaaGTCACCTCCAACACCAACATGTGC,GGGAGTGGTCTCGGGCACAGTGTGGGCTATGG,353,417,6
7,CATGAATTCTACGTCAAAAAGGGTGGAG,CACGGGAGTCGGGTCTATCTG,GTTGAGGAAGACaaCATGAATTCTACGTCAAAAAGGGTGGAG,CTCAACGGTCTCCACGGGAGTCGGGTCTATCTG,417,481,7
8,GCAGACAGGTACCAAAACAAATGTTCTC,GACCTTCCCAAAGTCATGATCCAGA,TCGATCGAAGACaaGCAGACAGGTACCAAAACAAATGTTCTC,GATCGAGGTCTCGACCTTCCCAAAGTCATGATCCAGA,481,526,8
9,TGCTACATTCATCATATCATGGGAAAGGT,GTTGATCGAAGCTTCCGCGTCTG,TATCAGGAAGACaaTGCTACATTCATCATATCATGGGAAAGGT,CTGATAGGTCTCGTTGATCGAAGCTTCCGCGTCTG,526,558,9
10,ATGATTTAAATCAGGTATGGCTGCCG,TGAATTCTGATTCATTCTCTCGCATTGTCTGC,TTTGAAGAAGACaaATGATTTAAATCAGGTATGGCTGCCG,TTCAAAGGTCTCTGAATTCTGATTCATTCTCTCGCATTGTCTGC,558,622,10
